<?xml version="1.0" encoding="UTF-8" standalone="yes"?>
<addon id="service.autoexec" name="Autoexec Service" version="1.0.2" provider-name="Service_Bazoland">
	<requires>
		<import addon="xbmc.python" version="3.0.0"/>
	</requires>
	<extension point="xbmc.service" library="autoexec.py">
	</extension>
	<extension point="xbmc.addon.metadata">
		<summary lang="fr_FR">Exécute automatiquement un code python au démarrage de Kodi.</summary>
		<description lang="fr_FR">Le service Autoexec sera automatiquement exécuté au démarrage de Kodi.</description>
		<platform>all</platform>
		<license>GNU GENERAL PUBLIC LICENSE Version 2</license>
        <assets>
            <icon>icon.png</icon>
        </assets>
	</extension>
</addon>
