<?xml version="1.0" encoding="UTF-8" standalone="yes"?>
<addon id="repo.S8j2mq5M" name="BazoLand Addons Repository" version="0.0.3" provider-name="Osmoze06">
    <extension point="xbmc.addon.repository" name="BazoLand Addons Repository">
        <dir>
            <info compressed="false">https://raw.githubusercontent.com/Anonymous2906/S8j2mq5M/master/repo/zips/addons.xml</info>
            <checksum>https://raw.githubusercontent.com/Anonymous2906/S8j2mq5M/master/repo/zips/addons.xml.md5</checksum>
            <datadir zip="true">https://raw.githubusercontent.com/Anonymous2906/S8j2mq5M/master/repo/zips/</datadir>
        </dir>
    </extension>
    <extension point="xbmc.addon.metadata">
        <summary>BazoLand Addons Repository</summary>
        <description>Dépôt d'extensions pour la communauté BazoLand.</description>
        <disclaimer></disclaimer>
        <platform>all</platform>
        <assets>
            <icon>icon.png</icon>
            <fanart>fanart.jpg</fanart>
        </assets>
    </extension>
</addon>