<?xml version="1.0" encoding="UTF-8" standalone="yes"?>
<addon id="plugin.program.bazoconfigcommu" version="1.0.2" name="bazo config commu" provider-name="bazo">
	<requires>
        <import addon="script.module.requests" />
	</requires>
    <extension point="xbmc.python.pluginsource" library="default.py">
        <provides>executable</provides>
    </extension>
    <extension point="xbmc.addon.metadata">
        <summary lang="en">bazo config</summary>
        <description lang="fr">configurer kodi en 10 min pour hk3 pour notre commu.</description>
        <disclaimer lang="fr">si sa bug vois avec bazo</disclaimer>
        <language>en</language>
        <platform>all</platform>
        <forum></forum>
        <website></website>
        <source></source>
    <news>
VERSION 1.0.0 - 05/08/2023
- Création initiale
VERTION 1.0.1 - 20/11/2023
- correction ortographe
- ajout des skin hk3
-ajout du spport hk3
VERTION 1.0.2 - 22/11/2023
-correction mineur
    </news>		
        <assets>
            <icon>icon.png</icon>
            <fanart>fanart.jpg</fanart>
        </assets>		
    </extension>
</addon>
